id;type;content;create_at;is_read
1;holster conceal gosh;until;2026-04-12T02:38:57;false
2;cycle antique;though;2026-04-12T08:48:39;false
3;pfft unnaturally travel;service debit;2026-04-12T17:50:19;true
4;circa since order;westernise bah;2026-04-12T03:27:57;true
5;but;forswear forecast;2026-04-12T21:35:00;false
6;narrowcast out;amazing;2026-04-12T07:29:27;false
7;failing;alert than;2026-04-12T18:15:39;false
8;except debut ultimately;than from;2026-04-12T07:53:06;false
9;confute colorfully outlandish;tender substantiate naturally;2026-04-12T04:09:53;true
10;yuck;haircut sans;2026-04-12T09:42:37;true
