id;name;email;password;address;is_active
1;heartbeat colorful boohoo;Carole.Marks17@yahoo.com;amid ha;amongst brr muted;true
2;brr search;Kris.Mills@hotmail.com;anesthetize utterly;qua never whenever;false
3;chime next precedent;Raquel_Breitenberg56@yahoo.com;unlike;outlandish;true
4;state;Laverna_Stokes16@yahoo.com;haze;except immaculate;false
5;inasmuch;Kaylin_Hand5@gmail.com;granular affect;after into;false
6;to pitiful embossing;Kylee_Macejkovic55@hotmail.com;yawningly;give judicious on;false
7;upright;Clifton59@gmail.com;inasmuch blah funny;yahoo aha;true
8;of;Ardith.Schroeder61@gmail.com;coagulate psst;scruple sauerkraut;false
9;alert gently kooky;Daren13@hotmail.com;sideboard lest once;warming misreport adumbrate;true
10;whoever roughly;Aurore.Jaskolski29@yahoo.com;private account;if plump;true
